0,1
Dataset/3nw7w.png,3nw7w
Dataset/428b6.png,428b6
Dataset/7y2x4.png,7y2x4
Dataset/5mfff.png,5mfff
Dataset/p2m6n.png,p2m6n
Dataset/gwnm6.png,gwnm6
Dataset/fyfbn.png,fyfbn
Dataset/8cm46.png,8cm46
Dataset/4fc36.png,4fc36
Dataset/cg5dd.png,cg5dd
Dataset/yf28d.png,yf28d
Dataset/y53c2.png,y53c2
Dataset/785n4.png,785n4
Dataset/ywn6f.png,ywn6f
Dataset/nw5b2.png,nw5b2
Dataset/8684m.png,8684m
Dataset/cm6yb.png,cm6yb
Dataset/dnne7.png,dnne7
Dataset/mpxfb.png,mpxfb
Dataset/p5g5m.png,p5g5m
Dataset/5325m.png,5325m
Dataset/7gce6.png,7gce6
Dataset/53mn8.png,53mn8
Dataset/3ye2e.png,3ye2e
Dataset/cfc56.png,cfc56
Dataset/c43b4.png,c43b4
Dataset/w2yp7.png,w2yp7
Dataset/x347n.png,x347n
Dataset/xnd3y.png,xnd3y
Dataset/ecd4w.png,ecd4w
Dataset/ennmm.png,ennmm
Dataset/33ng4.png,33ng4
Dataset/de45x.png,de45x
Dataset/dw3nn.png,dw3nn
Dataset/c6745.png,c6745
Dataset/3p67n.png,3p67n
Dataset/2nf26.png,2nf26
Dataset/ggd7m.png,ggd7m
Dataset/dnmd8.png,dnmd8
Dataset/m8m4x.png,m8m4x
Dataset/33f7m.png,33f7m
Dataset/pm47f.png,pm47f
Dataset/d7en3.png,d7en3
Dataset/478nx.png,478nx
Dataset/wm746.png,wm746
Dataset/wxy4n.png,wxy4n
Dataset/2cg58.png,2cg58
Dataset/ebcbx.png,ebcbx
Dataset/ndg2b.png,ndg2b
Dataset/m5ym2.png,m5ym2
Dataset/bny4w.png,bny4w
Dataset/cy3nw.png,cy3nw
Dataset/mm3nn.png,mm3nn
Dataset/n3m6x.png,n3m6x
Dataset/574d7.png,574d7
Dataset/n6nn2.png,n6nn2
Dataset/3den6.png,3den6
Dataset/g3dy6.png,g3dy6
Dataset/gcfgp.png,gcfgp
Dataset/4ynf3.png,4ynf3
Dataset/mp7wp.png,mp7wp
Dataset/4nnf3.png,4nnf3
Dataset/7pcd7.png,7pcd7
Dataset/xdn65.png,xdn65
Dataset/6wnyc.png,6wnyc
Dataset/8npd5.png,8npd5
Dataset/xbcbx.png,xbcbx
Dataset/ewnx8.png,ewnx8
Dataset/y2xg4.png,y2xg4
Dataset/b2g8e.png,b2g8e
Dataset/dbny3.png,dbny3
Dataset/377xx.png,377xx
Dataset/px8n8.png,px8n8
Dataset/wd2gb.png,wd2gb
Dataset/de7f8.png,de7f8
Dataset/ypp8f.png,ypp8f
Dataset/n5wbg.png,n5wbg
Dataset/pp87n.png,pp87n
Dataset/mc35n.png,mc35n
Dataset/c2g4d.png,c2g4d
Dataset/3b4we.png,3b4we
Dataset/pcede.png,pcede
Dataset/d236n.png,d236n
Dataset/x775w.png,x775w
Dataset/8w754.png,8w754
Dataset/ffpxf.png,ffpxf
Dataset/c8n8c.png,c8n8c
Dataset/bgb48.png,bgb48
Dataset/n3bm6.png,n3bm6
Dataset/5f3gf.png,5f3gf
Dataset/8gmnx.png,8gmnx
Dataset/33b22.png,33b22
Dataset/32cnn.png,32cnn
Dataset/b35f6.png,b35f6
Dataset/6p2ge.png,6p2ge
Dataset/gfbx6.png,gfbx6
Dataset/yd3m3.png,yd3m3
Dataset/6b46g.png,6b46g
Dataset/cdfen.png,cdfen
Dataset/fpw76.png,fpw76
Dataset/f753f.png,f753f
Dataset/5n732.png,5n732
Dataset/5ep3n.png,5ep3n
Dataset/mxnw4.png,mxnw4
Dataset/3bx86.png,3bx86
Dataset/ndyfe.png,ndyfe
Dataset/4egem.png,4egem
Dataset/b4y5x.png,b4y5x
Dataset/ng756.png,ng756
Dataset/7dgc2.png,7dgc2
Dataset/xgcxy.png,xgcxy
Dataset/4dgf7.png,4dgf7
Dataset/ygfwe.png,ygfwe
Dataset/ndecc.png,ndecc
Dataset/6e2dg.png,6e2dg
Dataset/mx8bb.png,mx8bb
Dataset/24pew.png,24pew
Dataset/36w25.png,36w25
Dataset/fbp2c.png,fbp2c
Dataset/wwmn6.png,wwmn6
Dataset/wfy5m.png,wfy5m
Dataset/p6mn8.png,p6mn8
Dataset/87nym.png,87nym
Dataset/fp5wn.png,fp5wn
Dataset/dy3cx.png,dy3cx
Dataset/yf347.png,yf347
Dataset/4w76g.png,4w76g
Dataset/56ncx.png,56ncx
Dataset/my84e.png,my84e
Dataset/3ym7f.png,3ym7f
Dataset/xxw44.png,xxw44
Dataset/g7gnf.png,g7gnf
Dataset/6dd2y.png,6dd2y
Dataset/57wdp.png,57wdp
Dataset/y4ec2.png,y4ec2
Dataset/bw6n6.png,bw6n6
Dataset/8xef7.png,8xef7
Dataset/6dmx7.png,6dmx7
Dataset/cen55.png,cen55
Dataset/cd4eg.png,cd4eg
Dataset/eng53.png,eng53
Dataset/6pwcn.png,6pwcn
Dataset/3dgmf.png,3dgmf
Dataset/myf82.png,myf82
Dataset/m3wfw.png,m3wfw
Dataset/n336e.png,n336e
Dataset/5yxgp.png,5yxgp
Dataset/xyncc.png,xyncc
Dataset/xxbm5.png,xxbm5
Dataset/43gey.png,43gey
Dataset/253dc.png,253dc
Dataset/7xcyd.png,7xcyd
Dataset/42dw4.png,42dw4
Dataset/g3ex3.png,g3ex3
Dataset/p57fn.png,p57fn
Dataset/3eny7.png,3eny7
Dataset/cwgyx.png,cwgyx
Dataset/4w6mw.png,4w6mw
Dataset/een23.png,een23
Dataset/xnfx5.png,xnfx5
Dataset/fncnb.png,fncnb
Dataset/f4wfn.png,f4wfn
Dataset/8e32m.png,8e32m
Dataset/xcmbp.png,xcmbp
Dataset/fp3wy.png,fp3wy
Dataset/mye68.png,mye68
Dataset/g6n7x.png,g6n7x
Dataset/nybcx.png,nybcx
Dataset/ydg8n.png,ydg8n
Dataset/8b735.png,8b735
Dataset/5nggg.png,5nggg
Dataset/76nxn.png,76nxn
Dataset/55y2m.png,55y2m
Dataset/5np4m.png,5np4m
Dataset/7dwx4.png,7dwx4
Dataset/pyf65.png,pyf65
Dataset/b55d6.png,b55d6
Dataset/4fp5g.png,4fp5g
Dataset/bny23.png,bny23
Dataset/xf4p4.png,xf4p4
Dataset/d22y5.png,d22y5
Dataset/g888x.png,g888x
Dataset/nbcgb.png,nbcgb
Dataset/f8f8g.png,f8f8g
Dataset/57gnx.png,57gnx
Dataset/3nfdn.png,3nfdn
Dataset/cx3wg.png,cx3wg
Dataset/c6f8g.png,c6f8g
Dataset/wyc25.png,wyc25
Dataset/e667x.png,e667x
Dataset/ny3nn.png,ny3nn
Dataset/yd38e.png,yd38e
Dataset/mmg38.png,mmg38
Dataset/gpnxn.png,gpnxn
Dataset/g247w.png,g247w
Dataset/8np22.png,8np22
Dataset/68wfd.png,68wfd
Dataset/8n2pg.png,8n2pg
Dataset/7dyww.png,7dyww
Dataset/5bnd7.png,5bnd7
Dataset/64m82.png,64m82
Dataset/w52fn.png,w52fn
Dataset/8n65n.png,8n65n
Dataset/6bdn5.png,6bdn5
Dataset/mpmy5.png,mpmy5
Dataset/xw465.png,xw465
Dataset/ffnxn.png,ffnxn
Dataset/4n3mn.png,4n3mn
Dataset/f6ne5.png,f6ne5
Dataset/5fyem.png,5fyem
Dataset/e84n2.png,e84n2
Dataset/2pfpn.png,2pfpn
Dataset/gny6b.png,gny6b
Dataset/e2d66.png,e2d66
Dataset/n5x2n.png,n5x2n
Dataset/66wp5.png,66wp5
Dataset/wg625.png,wg625
Dataset/m4g8g.png,m4g8g
Dataset/n4wwn.png,n4wwn
Dataset/yx2d4.png,yx2d4
Dataset/m457d.png,m457d
Dataset/e2mg2.png,e2mg2
Dataset/6mygb.png,6mygb
Dataset/5n245.png,5n245
Dataset/en4n4.png,en4n4
Dataset/7cgym.png,7cgym
Dataset/5mgn4.png,5mgn4
Dataset/dbpcd.png,dbpcd
Dataset/xce8d.png,xce8d
Dataset/ny8np.png,ny8np
Dataset/y33nm.png,y33nm
Dataset/w6pxy.png,w6pxy
Dataset/24f6w.png,24f6w
Dataset/mbf58.png,mbf58
Dataset/pdyc8.png,pdyc8
Dataset/p4nm4.png,p4nm4
Dataset/d3c7y.png,d3c7y
Dataset/cpc8c.png,cpc8c
Dataset/m74dm.png,m74dm
Dataset/m4fd8.png,m4fd8
Dataset/nnf8b.png,nnf8b
Dataset/befbd.png,befbd
Dataset/b5fm7.png,b5fm7
Dataset/ypw3d.png,ypw3d
Dataset/6cm6m.png,6cm6m
Dataset/w48cw.png,w48cw
Dataset/2mpnn.png,2mpnn
Dataset/bm3p8.png,bm3p8
Dataset/25w53.png,25w53
Dataset/ne325.png,ne325
Dataset/enpw2.png,enpw2
Dataset/ncw4g.png,ncw4g
Dataset/6fgdw.png,6fgdw
Dataset/e8dxn.png,e8dxn
Dataset/22d5n.png,22d5n
Dataset/x4f7g.png,x4f7g
Dataset/xp24p.png,xp24p
Dataset/662bw.png,662bw
Dataset/4ycex.png,4ycex
Dataset/nn4wx.png,nn4wx
Dataset/gp7c5.png,gp7c5
Dataset/823p2.png,823p2
Dataset/4f8yp.png,4f8yp
Dataset/nb45d.png,nb45d
Dataset/emwpn.png,emwpn
Dataset/c4mcm.png,c4mcm
Dataset/wbncw.png,wbncw
Dataset/cfn53.png,cfn53
Dataset/44fyb.png,44fyb
Dataset/dxwcw.png,dxwcw
Dataset/646x8.png,646x8
Dataset/b2nen.png,b2nen
Dataset/n4cpy.png,n4cpy
Dataset/3n2b4.png,3n2b4
Dataset/677g3.png,677g3
Dataset/8npe3.png,8npe3
Dataset/neggn.png,neggn
Dataset/5mf7c.png,5mf7c
Dataset/pgm2e.png,pgm2e
Dataset/wce5n.png,wce5n
Dataset/ee8fg.png,ee8fg
Dataset/7m8px.png,7m8px
Dataset/cc845.png,cc845
Dataset/f858x.png,f858x
Dataset/88bgx.png,88bgx
Dataset/f4fn2.png,f4fn2
Dataset/w2e87.png,w2e87
Dataset/3p4nn.png,3p4nn
Dataset/82fx2.png,82fx2
Dataset/8wy7d.png,8wy7d
Dataset/2p2y8.png,2p2y8
Dataset/85622.png,85622
Dataset/xmcym.png,xmcym
Dataset/8d8ep.png,8d8ep
Dataset/mmg2m.png,mmg2m
Dataset/y48c3.png,y48c3
Dataset/x362g.png,x362g
Dataset/b4ncn.png,b4ncn
Dataset/5x5nx.png,5x5nx
Dataset/6mn8n.png,6mn8n
Dataset/xwx7d.png,xwx7d
Dataset/yxd7m.png,yxd7m
Dataset/3bfnd.png,3bfnd
Dataset/gymmn.png,gymmn
Dataset/ec6pm.png,ec6pm
Dataset/yyn57.png,yyn57
Dataset/pgwnp.png,pgwnp
Dataset/74853.png,74853
Dataset/gewfy.png,gewfy
Dataset/8c2wy.png,8c2wy
Dataset/268g2.png,268g2
Dataset/yf424.png,yf424
Dataset/cfc2y.png,cfc2y
Dataset/dpbyd.png,dpbyd
Dataset/5ywwf.png,5ywwf
Dataset/efx34.png,efx34
Dataset/8fexn.png,8fexn
Dataset/3ygde.png,3ygde
Dataset/men4f.png,men4f
Dataset/44ype.png,44ype
Dataset/8gmc4.png,8gmc4
Dataset/p5nce.png,p5nce
Dataset/bdbb3.png,bdbb3
Dataset/nmy2x.png,nmy2x
Dataset/gc83b.png,gc83b
Dataset/nbfx5.png,nbfx5
Dataset/8n4n8.png,8n4n8
Dataset/2npg6.png,2npg6
Dataset/mfb3x.png,mfb3x
Dataset/6pfy4.png,6pfy4
Dataset/e4gd7.png,e4gd7
Dataset/m6n4x.png,m6n4x
Dataset/wdww8.png,wdww8
Dataset/37d52.png,37d52
Dataset/34b84.png,34b84
Dataset/7cdge.png,7cdge
Dataset/4c8n8.png,4c8n8
Dataset/2ycn8.png,2ycn8
Dataset/7yf62.png,7yf62
Dataset/cb8cf.png,cb8cf
Dataset/f85y3.png,f85y3
Dataset/f74x3.png,f74x3
Dataset/x7422.png,x7422
Dataset/c4bgd.png,c4bgd
Dataset/77n6g.png,77n6g
Dataset/nxxf8.png,nxxf8
Dataset/xxney.png,xxney
Dataset/excmn.png,excmn
Dataset/gy8xb.png,gy8xb
Dataset/c4bny.png,c4bny
Dataset/g7wxw.png,g7wxw
Dataset/y4g3b.png,y4g3b
Dataset/pmd3w.png,pmd3w
Dataset/n8ydd.png,n8ydd
Dataset/fg38b.png,fg38b
Dataset/mcc2x.png,mcc2x
Dataset/c353e.png,c353e
Dataset/23n88.png,23n88
Dataset/pbpgc.png,pbpgc
Dataset/488de.png,488de
Dataset/n7g4f.png,n7g4f
Dataset/xfg65.png,xfg65
Dataset/ycnfc.png,ycnfc
Dataset/c4527.png,c4527
Dataset/6e6pn.png,6e6pn
Dataset/yw667.png,yw667
Dataset/4d22m.png,4d22m
Dataset/m8gmx.png,m8gmx
Dataset/n7ebx.png,n7ebx
Dataset/fp382.png,fp382
Dataset/wye85.png,wye85
Dataset/8n5p3.png,8n5p3
Dataset/m23bp.png,m23bp
Dataset/x7746.png,x7746
Dataset/dd5w5.png,dd5w5
Dataset/dyp7n.png,dyp7n
Dataset/gc2wd.png,gc2wd
Dataset/xcf88.png,xcf88
Dataset/85dxn.png,85dxn
Dataset/6ng6w.png,6ng6w
Dataset/8nbew.png,8nbew
Dataset/58b5m.png,58b5m
Dataset/bpwd7.png,bpwd7
Dataset/gxxpf.png,gxxpf
Dataset/5ng6e.png,5ng6e
Dataset/5dxnm.png,5dxnm
Dataset/dn5df.png,dn5df
Dataset/nbf8m.png,nbf8m
Dataset/pg2yx.png,pg2yx
Dataset/x38fn.png,x38fn
Dataset/7634y.png,7634y
Dataset/pe4xn.png,pe4xn
Dataset/d4ppy.png,d4ppy
Dataset/88y52.png,88y52
Dataset/cdmn8.png,cdmn8
Dataset/6825y.png,6825y
Dataset/xyyyw.png,xyyyw
Dataset/5g5e5.png,5g5e5
Dataset/gnc3n.png,gnc3n
Dataset/6bnnm.png,6bnnm
Dataset/be3bp.png,be3bp
Dataset/ny5dp.png,ny5dp
Dataset/nfd8g.png,nfd8g
Dataset/ccn2x.png,ccn2x
Dataset/gc277.png,gc277
Dataset/5n728.png,5n728
Dataset/n7dyb.png,n7dyb
Dataset/nnn5p.png,nnn5p
Dataset/e6m6p.png,e6m6p
Dataset/pwmbn.png,pwmbn
Dataset/xe8xm.png,xe8xm
Dataset/2w4y7.png,2w4y7
Dataset/226md.png,226md
Dataset/yy824.png,yy824
Dataset/cpe63.png,cpe63
Dataset/b3xpn.png,b3xpn
Dataset/368y5.png,368y5
Dataset/bwmee.png,bwmee
Dataset/8cccc.png,8cccc
Dataset/b5dn4.png,b5dn4
Dataset/537nf.png,537nf
Dataset/e76n4.png,e76n4
Dataset/bp6mw.png,bp6mw
Dataset/5xwcg.png,5xwcg
Dataset/nmw46.png,nmw46
Dataset/m75bf.png,m75bf
Dataset/b685n.png,b685n
Dataset/nbwpn.png,nbwpn
Dataset/2cgyx.png,2cgyx
Dataset/7b4bm.png,7b4bm
Dataset/fg8n4.png,fg8n4
Dataset/n7ff2.png,n7ff2
Dataset/4n2yg.png,4n2yg
Dataset/wnmyn.png,wnmyn
Dataset/2g7nm.png,2g7nm
Dataset/658xe.png,658xe
Dataset/38n57.png,38n57
Dataset/wecfd.png,wecfd
Dataset/6xen4.png,6xen4
Dataset/4743p.png,4743p
Dataset/e72cd.png,e72cd
Dataset/b43nw.png,b43nw
Dataset/g78gn.png,g78gn
Dataset/nd5wg.png,nd5wg
Dataset/3cpwb.png,3cpwb
Dataset/2gyb6.png,2gyb6
Dataset/f2fge.png,f2fge
Dataset/43mn5.png,43mn5
Dataset/pwebm.png,pwebm
Dataset/44xe8.png,44xe8
Dataset/p8wwf.png,p8wwf
Dataset/feyc8.png,feyc8
Dataset/ppx77.png,ppx77
Dataset/7p852.png,7p852
Dataset/x5nyn.png,x5nyn
Dataset/8y63f.png,8y63f
Dataset/w4x2m.png,w4x2m
Dataset/g55b4.png,g55b4
Dataset/cgcgb.png,cgcgb
Dataset/p2x7x.png,p2x7x
Dataset/m22e3.png,m22e3
Dataset/6bxwg.png,6bxwg
Dataset/m2576.png,m2576
Dataset/p8ngx.png,p8ngx
Dataset/5p3mm.png,5p3mm
Dataset/fc2ff.png,fc2ff
Dataset/5p8fm.png,5p8fm
Dataset/xngxc.png,xngxc
Dataset/nxcmn.png,nxcmn
Dataset/64b3p.png,64b3p
Dataset/mw5p2.png,mw5p2
Dataset/pm363.png,pm363
Dataset/xdcn4.png,xdcn4
Dataset/865wm.png,865wm
Dataset/nny5e.png,nny5e
Dataset/5wddw.png,5wddw
Dataset/nfndw.png,nfndw
Dataset/7wnpm.png,7wnpm
Dataset/7d44m.png,7d44m
Dataset/3w2bw.png,3w2bw
Dataset/78eec.png,78eec
Dataset/d6fcn.png,d6fcn
Dataset/x6b5m.png,x6b5m
Dataset/ppwyd.png,ppwyd
Dataset/dd764.png,dd764
Dataset/ydd3g.png,ydd3g
Dataset/d4n82.png,d4n82
Dataset/n7meb.png,n7meb
Dataset/8nn73.png,8nn73
Dataset/nfcb5.png,nfcb5
Dataset/8gecm.png,8gecm
Dataset/efb3f.png,efb3f
Dataset/wmpmp.png,wmpmp
Dataset/32dnn.png,32dnn
Dataset/gm2c2.png,gm2c2
Dataset/ng46m.png,ng46m
Dataset/n2gmg.png,n2gmg
Dataset/n2by7.png,n2by7
Dataset/6mege.png,6mege
Dataset/xfn6n.png,xfn6n
Dataset/d66cn.png,d66cn
Dataset/7w67m.png,7w67m
Dataset/e25xg.png,e25xg
Dataset/pf4nb.png,pf4nb
Dataset/pg4bf.png,pg4bf
Dataset/cewnm.png,cewnm
Dataset/ng6yp.png,ng6yp
Dataset/fcey3.png,fcey3
Dataset/bc8nf.png,bc8nf
Dataset/ddcdd.png,ddcdd
Dataset/w2n7e.png,w2n7e
Dataset/x76mn.png,x76mn
Dataset/dce8y.png,dce8y
Dataset/c5xne.png,c5xne
Dataset/77wp4.png,77wp4
Dataset/mggce.png,mggce
Dataset/efe62.png,efe62
Dataset/y2436.png,y2436
Dataset/nngxc.png,nngxc
Dataset/8n34n.png,8n34n
Dataset/bf52c.png,bf52c
Dataset/6c3n6.png,6c3n6
Dataset/6p7gx.png,6p7gx
Dataset/28x47.png,28x47
Dataset/n8pfe.png,n8pfe
Dataset/gf2g4.png,gf2g4
Dataset/neecd.png,neecd
Dataset/5bg8f.png,5bg8f
Dataset/ddpyb.png,ddpyb
Dataset/f7cey.png,f7cey
Dataset/p2ym2.png,p2ym2
Dataset/c6we6.png,c6we6
Dataset/pgg3n.png,pgg3n
Dataset/wc2bd.png,wc2bd
Dataset/be6np.png,be6np
Dataset/m3588.png,m3588
Dataset/5gcd3.png,5gcd3
Dataset/xemyg.png,xemyg
Dataset/5nnff.png,5nnff
Dataset/n6f4b.png,n6f4b
Dataset/675p3.png,675p3
Dataset/5npdn.png,5npdn
Dataset/mgdwb.png,mgdwb
Dataset/63824.png,63824
Dataset/w4cdc.png,w4cdc
Dataset/gnbde.png,gnbde
Dataset/gbxyy.png,gbxyy
Dataset/76353.png,76353
Dataset/mg5nn.png,mg5nn
Dataset/55w5c.png,55w5c
Dataset/2x7bm.png,2x7bm
Dataset/2g783.png,2g783
Dataset/n464c.png,n464c
Dataset/e46pd.png,e46pd
Dataset/efgx5.png,efgx5
Dataset/6cwxe.png,6cwxe
Dataset/7gp47.png,7gp47
Dataset/n265y.png,n265y
Dataset/b28g8.png,b28g8
Dataset/yew6p.png,yew6p
Dataset/x277e.png,x277e
Dataset/7xd5m.png,7xd5m
Dataset/c753e.png,c753e
Dataset/e43ym.png,e43ym
Dataset/byc82.png,byc82
Dataset/7gmf3.png,7gmf3
Dataset/yfdn7.png,yfdn7
Dataset/ddnpf.png,ddnpf
Dataset/f228n.png,f228n
Dataset/474ff.png,474ff
Dataset/8w875.png,8w875
Dataset/e7nx4.png,e7nx4
Dataset/g7fmc.png,g7fmc
Dataset/832f3.png,832f3
Dataset/gwn53.png,gwn53
Dataset/n4b4m.png,n4b4m
Dataset/yeyn4.png,yeyn4
Dataset/d75b5.png,d75b5
Dataset/2xc2n.png,2xc2n
Dataset/ndme7.png,ndme7
Dataset/bgd4m.png,bgd4m
Dataset/x8xnp.png,x8xnp
Dataset/nxx25.png,nxx25
Dataset/cnmnn.png,cnmnn
Dataset/f5e5e.png,f5e5e
Dataset/pmf5w.png,pmf5w
Dataset/75pfw.png,75pfw
Dataset/62nb3.png,62nb3
Dataset/373gb.png,373gb
Dataset/ygenn.png,ygenn
Dataset/mdxpn.png,mdxpn
Dataset/nf8b8.png,nf8b8
Dataset/6c3p5.png,6c3p5
Dataset/pwn5e.png,pwn5e
Dataset/cdf77.png,cdf77
Dataset/pyefb.png,pyefb
Dataset/bw44w.png,bw44w
Dataset/d22bd.png,d22bd
Dataset/72m6f.png,72m6f
Dataset/d666m.png,d666m
Dataset/yd755.png,yd755
Dataset/gw468.png,gw468
Dataset/7gnge.png,7gnge
Dataset/gcx6f.png,gcx6f
Dataset/3xng6.png,3xng6
Dataset/f6ww8.png,f6ww8
Dataset/y32yy.png,y32yy
Dataset/edg3p.png,edg3p
Dataset/ewcf5.png,ewcf5
Dataset/6xpme.png,6xpme
Dataset/33p4e.png,33p4e
Dataset/8gf7n.png,8gf7n
Dataset/x8e8n.png,x8e8n
Dataset/3fbxd.png,3fbxd
Dataset/nnp4e.png,nnp4e
Dataset/ep85x.png,ep85x
Dataset/b84xc.png,b84xc
Dataset/f22bn.png,f22bn
Dataset/6xxdx.png,6xxdx
Dataset/by5y3.png,by5y3
Dataset/fwxdp.png,fwxdp
Dataset/728n8.png,728n8
Dataset/ybfx6.png,ybfx6
Dataset/dnxdp.png,dnxdp
Dataset/c2fb7.png,c2fb7
Dataset/pmg55.png,pmg55
Dataset/nwncn.png,nwncn
Dataset/e46yw.png,e46yw
Dataset/3pe4g.png,3pe4g
Dataset/8n56m.png,8n56m
Dataset/xc68n.png,xc68n
Dataset/gd8fb.png,gd8fb
Dataset/bgem5.png,bgem5
Dataset/68x48.png,68x48
Dataset/nm248.png,nm248
Dataset/wxcn8.png,wxcn8
Dataset/dmx8p.png,dmx8p
Dataset/6b4w6.png,6b4w6
Dataset/dn26n.png,dn26n
Dataset/8g4yp.png,8g4yp
Dataset/y2ye8.png,y2ye8
Dataset/nwg2m.png,nwg2m
Dataset/n5cm7.png,n5cm7
Dataset/573bn.png,573bn
Dataset/3ebpw.png,3ebpw
Dataset/x4gg5.png,x4gg5
Dataset/efg72.png,efg72
Dataset/ccf2w.png,ccf2w
Dataset/fp762.png,fp762
Dataset/4433m.png,4433m
Dataset/bbymy.png,bbymy
Dataset/6end3.png,6end3
Dataset/x3deb.png,x3deb
Dataset/ng2gw.png,ng2gw
Dataset/dbex3.png,dbex3
Dataset/25p2m.png,25p2m
Dataset/43xfe.png,43xfe
Dataset/6m5eg.png,6m5eg
Dataset/2b827.png,2b827
Dataset/3n3cf.png,3n3cf
Dataset/dyxnc.png,dyxnc
Dataset/w4cnn.png,w4cnn
Dataset/nm46n.png,nm46n
Dataset/eppg3.png,eppg3
Dataset/3xcgg.png,3xcgg
Dataset/c7nn8.png,c7nn8
Dataset/264m5.png,264m5
Dataset/b26nd.png,b26nd
Dataset/pxdwp.png,pxdwp
Dataset/mmfm6.png,mmfm6
Dataset/8n5pn.png,8n5pn
Dataset/387g2.png,387g2
Dataset/en32e.png,en32e
Dataset/c2pg6.png,c2pg6
Dataset/gegw4.png,gegw4
Dataset/mgw3n.png,mgw3n
Dataset/8d4wm.png,8d4wm
Dataset/c86md.png,c86md
Dataset/mb4en.png,mb4en
Dataset/d22n7.png,d22n7
Dataset/6ng6n.png,6ng6n
Dataset/33n73.png,33n73
Dataset/4cfw8.png,4cfw8
Dataset/25257.png,25257
Dataset/c2yn8.png,c2yn8
Dataset/pdw38.png,pdw38
Dataset/ncww7.png,ncww7
Dataset/3ndxd.png,3ndxd
Dataset/ffd6p.png,ffd6p
Dataset/nxc83.png,nxc83
Dataset/d3c8y.png,d3c8y
Dataset/d2ycw.png,d2ycw
Dataset/d378n.png,d378n
Dataset/edwny.png,edwny
Dataset/6fn84.png,6fn84
Dataset/n4xx5.png,n4xx5
Dataset/87d4c.png,87d4c
Dataset/5x7x5.png,5x7x5
Dataset/fnbfw.png,fnbfw
Dataset/7pn5g.png,7pn5g
Dataset/36nx4.png,36nx4
Dataset/bd3b7.png,bd3b7
Dataset/dw6mn.png,dw6mn
Dataset/cd6p4.png,cd6p4
Dataset/ef4mn.png,ef4mn
Dataset/7nnnx.png,7nnnx
Dataset/8ypdn.png,8ypdn
Dataset/x5f54.png,x5f54
Dataset/5nxnn.png,5nxnn
Dataset/244e2.png,244e2
Dataset/n5n8b.png,n5n8b
Dataset/x7547.png,x7547
Dataset/pn7pn.png,pn7pn
Dataset/7wn74.png,7wn74
Dataset/2nx38.png,2nx38
Dataset/4nc37.png,4nc37
Dataset/fc6xb.png,fc6xb
Dataset/m2nf4.png,m2nf4
Dataset/m5meg.png,m5meg
Dataset/dmxp8.png,dmxp8
Dataset/7fmcy.png,7fmcy
Dataset/f83pn.png,f83pn
Dataset/nfbg8.png,nfbg8
Dataset/xbem6.png,xbem6
Dataset/ncfgb.png,ncfgb
Dataset/678w3.png,678w3
Dataset/w8f36.png,w8f36
Dataset/wgnwp.png,wgnwp
Dataset/px2xp.png,px2xp
Dataset/f2m8n.png,f2m8n
Dataset/e3ndn.png,e3ndn
Dataset/56c34.png,56c34
Dataset/x2cnn.png,x2cnn
Dataset/467d5.png,467d5
Dataset/f35xp.png,f35xp
Dataset/dc436.png,dc436
Dataset/5mnpd.png,5mnpd
Dataset/mcyfx.png,mcyfx
Dataset/nnfx3.png,nnfx3
Dataset/2yggg.png,2yggg
Dataset/gng6e.png,gng6e
Dataset/g2577.png,g2577
Dataset/3n7mx.png,3n7mx
Dataset/5bgp2.png,5bgp2
Dataset/deep5.png,deep5
Dataset/23mdg.png,23mdg
Dataset/p7fyp.png,p7fyp
Dataset/nfcwy.png,nfcwy
Dataset/bxxfc.png,bxxfc
Dataset/bnc5f.png,bnc5f
Dataset/dcnp8.png,dcnp8
Dataset/wm47f.png,wm47f
Dataset/nc4yg.png,nc4yg
Dataset/pnnwy.png,pnnwy
Dataset/g2fnw.png,g2fnw
Dataset/w8bnx.png,w8bnx
Dataset/gn2d3.png,gn2d3
Dataset/53wp3.png,53wp3
Dataset/b5pnn.png,b5pnn
Dataset/y5n6d.png,y5n6d
Dataset/dmw8n.png,dmw8n
Dataset/3mxdn.png,3mxdn
Dataset/pdcp4.png,pdcp4
Dataset/y7x8p.png,y7x8p
Dataset/x3fwf.png,x3fwf
Dataset/c8fxy.png,c8fxy
Dataset/5nm6d.png,5nm6d
Dataset/6ecbn.png,6ecbn
Dataset/8pfxx.png,8pfxx
Dataset/gpxng.png,gpxng
Dataset/x6pdb.png,x6pdb
Dataset/n3x4c.png,n3x4c
Dataset/2nbcx.png,2nbcx
Dataset/8c23f.png,8c23f
Dataset/6wg4n.png,6wg4n
Dataset/ef4np.png,ef4np
Dataset/65m85.png,65m85
Dataset/xymfn.png,xymfn
Dataset/3wnd3.png,3wnd3
Dataset/4m2w5.png,4m2w5
Dataset/mfc35.png,mfc35
Dataset/cnex4.png,cnex4
Dataset/5n3w4.png,5n3w4
Dataset/yyg5g.png,yyg5g
Dataset/42nxy.png,42nxy
Dataset/p2dw7.png,p2dw7
Dataset/y5g87.png,y5g87
Dataset/7bb7b.png,7bb7b
Dataset/5expp.png,5expp
Dataset/8n62n.png,8n62n
Dataset/77387.png,77387
Dataset/325fb.png,325fb
Dataset/58pnp.png,58pnp
Dataset/gfp54.png,gfp54
Dataset/245y5.png,245y5
Dataset/pxne8.png,pxne8
Dataset/445cc.png,445cc
Dataset/pnmxf.png,pnmxf
Dataset/defyx.png,defyx
Dataset/gm7n8.png,gm7n8
Dataset/c482b.png,c482b
Dataset/nwfde.png,nwfde
Dataset/mnef5.png,mnef5
Dataset/b6f2p.png,b6f2p
Dataset/bnc2f.png,bnc2f
Dataset/8ne4g.png,8ne4g
Dataset/5bb66.png,5bb66
Dataset/6f2yc.png,6f2yc
Dataset/bmxpe.png,bmxpe
Dataset/mbp2y.png,mbp2y
Dataset/x74b2.png,x74b2
Dataset/w6yne.png,w6yne
Dataset/fxpw3.png,fxpw3
Dataset/4cn7b.png,4cn7b
Dataset/nbp3e.png,nbp3e
Dataset/y3c58.png,y3c58
Dataset/d7nn3.png,d7nn3
Dataset/n5w5g.png,n5w5g
Dataset/34pcn.png,34pcn
Dataset/5mcy7.png,5mcy7
Dataset/cffp4.png,cffp4
Dataset/e5n66.png,e5n66
Dataset/cwdnx.png,cwdnx
Dataset/76y6f.png,76y6f
Dataset/2wc38.png,2wc38
Dataset/e6b7y.png,e6b7y
Dataset/fdpgd.png,fdpgd
Dataset/wnpec.png,wnpec
Dataset/yw7ny.png,yw7ny
Dataset/fcmem.png,fcmem
Dataset/7e2y7.png,7e2y7
Dataset/6g45w.png,6g45w
Dataset/ny3dw.png,ny3dw
Dataset/4b2pw.png,4b2pw
Dataset/c7gb3.png,c7gb3
Dataset/gp22x.png,gp22x
Dataset/f75cx.png,f75cx
Dataset/243mm.png,243mm
Dataset/n8fp6.png,n8fp6
Dataset/63pxe.png,63pxe
Dataset/573d8.png,573d8
Dataset/pcpg6.png,pcpg6
Dataset/x44n4.png,x44n4
Dataset/yg5bb.png,yg5bb
Dataset/74eyg.png,74eyg
Dataset/4gb3f.png,4gb3f
Dataset/md344.png,md344
Dataset/gnbn4.png,gnbn4
Dataset/6e554.png,6e554
Dataset/8db67.png,8db67
Dataset/myc3c.png,myc3c
Dataset/3g2w6.png,3g2w6
Dataset/34fxm.png,34fxm
Dataset/wb3ed.png,wb3ed
Dataset/dw8d3.png,dw8d3
Dataset/mcg43.png,mcg43
Dataset/mxyxw.png,mxyxw
Dataset/bw5nf.png,bw5nf
Dataset/cfw6e.png,cfw6e
Dataset/enn7n.png,enn7n
Dataset/3bd8f.png,3bd8f
Dataset/65ebm.png,65ebm
Dataset/nbwnn.png,nbwnn
Dataset/664dn.png,664dn
Dataset/g842c.png,g842c
Dataset/7fde7.png,7fde7
Dataset/pgmn2.png,pgmn2
Dataset/n6xc5.png,n6xc5
Dataset/npxb7.png,npxb7
Dataset/x37bf.png,x37bf
Dataset/yemy4.png,yemy4
Dataset/m448b.png,m448b
Dataset/57b27.png,57b27
Dataset/n3ffn.png,n3ffn
Dataset/46mbm.png,46mbm
Dataset/56m6y.png,56m6y
Dataset/67dey.png,67dey
Dataset/3d7bd.png,3d7bd
Dataset/wddcp.png,wddcp
Dataset/6fg8c.png,6fg8c
Dataset/3nnpw.png,3nnpw
Dataset/mwdf6.png,mwdf6
Dataset/nf2n8.png,nf2n8
Dataset/7g3nf.png,7g3nf
Dataset/42xpy.png,42xpy
Dataset/xfgxb.png,xfgxb
Dataset/gy5bf.png,gy5bf
Dataset/cfp86.png,cfp86
Dataset/w7e6m.png,w7e6m
Dataset/664nf.png,664nf
Dataset/ncyx8.png,ncyx8
Dataset/6ge3p.png,6ge3p
Dataset/fywb8.png,fywb8
Dataset/8y6b3.png,8y6b3
Dataset/gdng3.png,gdng3
Dataset/bw5ym.png,bw5ym
Dataset/gw53m.png,gw53m
Dataset/n7enn.png,n7enn
Dataset/nb267.png,nb267
Dataset/6f857.png,6f857
Dataset/5pm6b.png,5pm6b
Dataset/p8c24.png,p8c24
Dataset/d8xcn.png,d8xcn
Dataset/pg2pm.png,pg2pm
Dataset/4dw3w.png,4dw3w
Dataset/pcm7f.png,pcm7f
Dataset/25egp.png,25egp
Dataset/m67b3.png,m67b3
Dataset/3x325.png,3x325
Dataset/ddmyg.png,ddmyg
Dataset/f364x.png,f364x
Dataset/w4nfx.png,w4nfx
Dataset/gd4mf.png,gd4mf
Dataset/p24gn.png,p24gn
Dataset/mdyp7.png,mdyp7
Dataset/pf5ng.png,pf5ng
Dataset/d3ycn.png,d3ycn
Dataset/c3n8x.png,c3n8x
Dataset/6n5fd.png,6n5fd
Dataset/byfgn.png,byfgn
Dataset/mmc5n.png,mmc5n
Dataset/e7x45.png,e7x45
Dataset/deneb.png,deneb
Dataset/b4d7c.png,b4d7c
Dataset/6n6gg.png,6n6gg
Dataset/43p5d.png,43p5d
Dataset/e8e5e.png,e8e5e
Dataset/bp2d4.png,bp2d4
Dataset/x458w.png,x458w
Dataset/gecmf.png,gecmf
Dataset/dbfen.png,dbfen
Dataset/mn5c4.png,mn5c4
Dataset/84w7x.png,84w7x
Dataset/mddgb.png,mddgb
Dataset/ddcne.png,ddcne
Dataset/8d2nd.png,8d2nd
